{
  "sh512660": {
    "success": true,
    "return_percent": 24.709134840922022,
    "data": null,
    "final_capital": 748254.8090455321,
    "max_drawdown": 15.650588856390076,
    "trade_count": 1,
    "win_rate": 0.0
  }
}